{
  "steps": [
    0,
    1,
    2,
    3,
    4,
    5,
    6,
    7,
    8,
    9,
    10,
    11,
    12,
    13,
    14,
    15,
    16,
    17,
    18,
    19,
    20,
    21,
    22,
    23,
    24,
    25,
    26,
    27,
    28,
    29,
    30,
    31,
    32,
    33,
    34,
    35,
    36,
    37,
    38,
    39,
    40,
    41,
    42,
    43,
    44,
    45,
    46,
    47,
    48,
    49,
    50,
    51,
    52,
    53,
    54,
    55,
    56,
    57,
    58,
    59,
    60,
    61,
    62,
    63,
    64,
    65,
    66,
    67,
    68,
    69,
    70,
    71,
    72,
    73,
    74,
    75,
    76,
    77,
    78,
    79,
    80,
    81,
    82,
    83,
    84,
    85,
    86,
    87,
    88,
    89,
    90,
    91,
    92,
    93,
    94
  ],
  "loss": [
    44.76821517944336,
    47.1232795715332,
    43.55998611450195,
    45.927974700927734,
    48.50069046020508,
    44.99304962158203,
    39.47312927246094,
    46.10508728027344,
    39.38909149169922,
    44.01772689819336,
    46.30352783203125,
    42.5241584777832,
    41.10280227661133,
    40.02494430541992,
    44.38542556762695,
    39.43987274169922,
    43.65373611450195,
    42.305824279785156,
    49.905391693115234,
    50.142574310302734,
    42.06391143798828,
    44.79770278930664,
    39.4445915222168,
    45.32404327392578,
    42.37968063354492,
    48.004737854003906,
    49.75320816040039,
    48.56081008911133,
    41.43955612182617,
    42.55674362182617,
    44.83119201660156,
    44.06652069091797,
    46.37683868408203,
    44.771697998046875,
    45.97233200073242,
    43.382354736328125,
    49.539615631103516,
    47.780303955078125,
    42.21037673950195,
    42.26078414916992,
    40.93503952026367,
    44.26188659667969,
    46.823570251464844,
    39.96788787841797,
    44.7532844543457,
    39.319862365722656,
    42.09492111206055,
    42.21856689453125,
    41.347320556640625,
    42.94342803955078,
    45.18597412109375,
    37.165958404541016,
    47.419673919677734,
    47.841705322265625,
    39.42437744140625,
    43.087440490722656,
    39.668365478515625,
    42.590396881103516,
    43.06017303466797,
    41.37908172607422,
    45.65904998779297,
    39.869773864746094,
    43.66202163696289,
    38.60302734375,
    41.480037689208984,
    45.5280876159668,
    47.674835205078125,
    41.865013122558594,
    38.86906433105469,
    39.164161682128906,
    40.475704193115234,
    42.973716735839844,
    39.50658416748047,
    44.24310302734375,
    39.574501037597656,
    44.045711517333984,
    45.91583251953125,
    47.43236541748047,
    43.0098876953125,
    50.44740295410156,
    41.03546142578125,
    44.82123947143555,
    41.36737823486328,
    46.150203704833984,
    41.99921798706055,
    41.970645904541016,
    44.73265075683594,
    44.544742584228516,
    42.310035705566406,
    46.936683654785156,
    45.830509185791016,
    39.233360290527344,
    36.9149055480957,
    39.5787353515625,
    44.09173583984375
  ],
  "value_loss": [
    53.93580722808838,
    58.40178394317627,
    52.39862251281738,
    56.76526737213135,
    61.747382164001465,
    55.6154670715332,
    44.789451599121094,
    57.60535526275635,
    44.31657886505127,
    53.70913600921631,
    57.01409149169922,
    49.79243087768555,
    47.59136390686035,
    45.57287788391113,
    54.773284912109375,
    44.584529876708984,
    52.10556697845459,
    49.01449108123779,
    64.55037689208984,
    63.498467445373535,
    50.721933364868164,
    55.30621337890625,
    45.16169452667236,
    56.172969818115234,
    50.068288803100586,
    61.15446853637695,
    63.32136821746826,
    60.93601989746094,
    48.318509101867676,
    50.32770252227783,
    55.57868194580078,
    54.36443519592285,
    58.20793437957764,
    54.56019973754883,
    57.075486183166504,
    52.00896167755127,
    64.24166202545166,
    60.98972511291504,
    49.97077941894531,
    50.78120517730713,
    47.85008144378662,
    54.085721015930176,
    58.774986267089844,
    45.829203605651855,
    54.45450305938721,
    44.90574359893799,
    50.18849754333496,
    49.391221046447754,
    48.405137062072754,
    51.15957546234131,
    55.17231369018555,
    41.213358879089355,
    59.418779373168945,
    59.74379062652588,
    44.90699481964111,
    51.97177600860596,
    45.71744918823242,
    51.0402193069458,
    51.224788665771484,
    48.961647033691406,
    56.67973518371582,
    45.847848892211914,
    52.532920837402344,
    44.21477794647217,
    48.41087627410889,
    57.028239250183105,
    59.76286506652832,
    49.741037368774414,
    44.02210807800293,
    45.20145320892334,
    46.289944648742676,
    51.7687931060791,
    45.04484272003174,
    53.402971267700195,
    45.345608711242676,
    53.81509590148926,
    56.94619560241699,
    59.9331111907959,
    50.78738880157471,
    65.4424352645874,
    47.856903076171875,
    55.834699630737305,
    47.70508861541748,
    56.45732498168945,
    49.51241111755371,
    49.91257858276367,
    55.08287811279297,
    54.00397491455078,
    49.8505744934082,
    59.06940460205078,
    57.09512424468994,
    45.06596851348877,
    40.812522411346436,
    44.54343318939209,
    53.63962650299072
  ],
  "policy_loss": [
    7.988811612129211,
    8.044842958450317,
    8.010502576828003,
    7.985085844993591,
    7.954114317893982,
    8.010090231895447,
    8.017521739006042,
    7.9998884201049805,
    8.0467848777771,
    7.915185451507568,
    8.002241969108582,
    7.969110608100891,
    8.022217035293579,
    7.959721326828003,
    7.975457668304443,
    8.02265477180481,
    8.006293058395386,
    7.972045063972473,
    8.03511369228363,
    8.015757441520691,
    7.973350167274475,
    7.926814079284668,
    7.971624135971069,
    8.01685357093811,
    8.016329288482666,
    7.987650632858276,
    7.941563248634338,
    8.016306161880493,
    8.019757270812988,
    8.00204050540924,
    8.020575642585754,
    7.994906663894653,
    8.015525341033936,
    7.9681806564331055,
    7.918169021606445,
    7.908016681671143,
    7.964095711708069,
    7.947335600852966,
    7.984374523162842,
    7.962790608406067,
    7.98413872718811,
    8.011329412460327,
    7.903700470924377,
    7.991170525550842,
    7.951262831687927,
    7.908570647239685,
    8.006213307380676,
    7.999547362327576,
    7.96899688243866,
    7.899873375892639,
    7.969074010848999,
    7.920384407043457,
    7.975659132003784,
    7.9566919803619385,
    7.977268695831299,
    7.952818036079407,
    7.993118047714233,
    7.900544166564941,
    7.958924889564514,
    7.966387033462524,
    7.967323541641235,
    7.947020769119263,
    7.996620178222656,
    7.984319448471069,
    7.9113476276397705,
    7.976596474647522,
    7.983439922332764,
    7.95289671421051,
    7.926288604736328,
    7.896747708320618,
    7.970677375793457,
    7.974751710891724,
    7.980273962020874,
    7.935568332672119,
    7.913462281227112,
    7.916423678398132,
    7.967145919799805,
    7.868510484695435,
    7.979540467262268,
    7.985235691070557,
    7.908755660057068,
    7.948530316352844,
    7.971378803253174,
    7.969471335411072,
    7.964361548423767,
    7.882064342498779,
    7.9234068393707275,
    7.900637865066528,
    7.968168139457703,
    7.903028607368469,
    7.935531973838806,
    7.909282684326172,
    7.921570897102356,
    7.958606481552124,
    7.903831839561462
  ],